{
  "lang":"en",
  "name":"pipeline",
  "version":"0.0.0",
  "spacy_version":">=3.7.4,<3.8.0",
  "description":"",
  "author":"",
  "email":"",
  "url":"",
  "license":"",
  "spacy_git_version":"bff8725f4",
  "vectors":{
    "width":0,
    "vectors":0,
    "keys":0,
    "name":null,
    "mode":"default"
  },
  "labels":{
    "tok2vec":[

    ],
    "ner":[
      "B-art",
      "B-eve",
      "B-geo",
      "B-gpe",
      "B-nat",
      "B-org",
      "B-per",
      "B-tim",
      "I-art",
      "I-eve",
      "I-geo",
      "I-gpe",
      "I-nat",
      "I-org",
      "I-per",
      "I-tim"
    ]
  },
  "pipeline":[
    "tok2vec",
    "ner"
  ],
  "components":[
    "tok2vec",
    "ner"
  ],
  "disabled":[

  ],
  "performance":{
    "ents_f":0.8503969062,
    "ents_p":0.8473322933,
    "ents_r":0.8534837676,
    "ents_per_type":{
      "B-tim":{
        "p":0.8789992783,
        "r":0.9167084797,
        "f":0.8974579393
      },
      "B-org":{
        "p":0.8061026352,
        "r":0.7334679455,
        "f":0.7680718911
      },
      "B-per":{
        "p":0.8452417148,
        "r":0.824925816,
        "f":0.8349602042
      },
      "I-per":{
        "p":0.8201227649,
        "r":0.9208870243,
        "f":0.8675889328
      },
      "I-org":{
        "p":0.8244076599,
        "r":0.7671398369,
        "f":0.7947434293
      },
      "I-tim":{
        "p":0.7897091723,
        "r":0.7998489426,
        "f":0.7947467167
      },
      "B-geo":{
        "p":0.8527469789,
        "r":0.9149846277,
        "f":0.8827701831
      },
      "B-gpe":{
        "p":0.963963964,
        "r":0.9374217772,
        "f":0.9505076142
      },
      "I-geo":{
        "p":0.7887323944,
        "r":0.8290713324,
        "f":0.8083989501
      },
      "I-gpe":{
        "p":0.8666666667,
        "r":0.5306122449,
        "f":0.6582278481
      },
      "B-art":{
        "p":0.44,
        "r":0.1527777778,
        "f":0.2268041237
      },
      "I-art":{
        "p":0.2222222222,
        "r":0.0465116279,
        "f":0.0769230769
      },
      "B-eve":{
        "p":0.4782608696,
        "r":0.2972972973,
        "f":0.3666666667
      },
      "I-eve":{
        "p":0.2941176471,
        "r":0.0724637681,
        "f":0.1162790698
      },
      "B-nat":{
        "p":1.0,
        "r":0.1,
        "f":0.1818181818
      },
      "I-nat":{
        "p":1.0,
        "r":0.1052631579,
        "f":0.1904761905
      }
    },
    "tok2vec_loss":1661.0954581726,
    "ner_loss":6463.5198224065
  }
}