{
  "lang":"en",
  "name":"pipeline",
  "version":"0.0.0",
  "spacy_version":">=3.7.4,<3.8.0",
  "description":"",
  "author":"",
  "email":"",
  "url":"",
  "license":"",
  "spacy_git_version":"bff8725f4",
  "vectors":{
    "width":0,
    "vectors":0,
    "keys":0,
    "name":null,
    "mode":"default"
  },
  "labels":{
    "tok2vec":[

    ],
    "ner":[
      "B-art",
      "B-eve",
      "B-geo",
      "B-gpe",
      "B-nat",
      "B-org",
      "B-per",
      "B-tim",
      "I-art",
      "I-eve",
      "I-geo",
      "I-gpe",
      "I-nat",
      "I-org",
      "I-per",
      "I-tim"
    ]
  },
  "pipeline":[
    "tok2vec",
    "ner"
  ],
  "components":[
    "tok2vec",
    "ner"
  ],
  "disabled":[

  ],
  "performance":{
    "ents_f":0.8456417887,
    "ents_p":0.8429088865,
    "ents_r":0.8483924699,
    "ents_per_type":{
      "B-tim":{
        "p":0.9040923927,
        "r":0.9034119418,
        "f":0.9037520392
      },
      "B-org":{
        "p":0.7743119266,
        "r":0.7455830389,
        "f":0.7596759676
      },
      "B-per":{
        "p":0.8217647059,
        "r":0.8290801187,
        "f":0.8254062038
      },
      "I-per":{
        "p":0.8550339534,
        "r":0.8678453701,
        "f":0.8613920286
      },
      "I-org":{
        "p":0.8022720295,
        "r":0.7891875566,
        "f":0.7956760049
      },
      "I-tim":{
        "p":0.7832550861,
        "r":0.7560422961,
        "f":0.7694081476
      },
      "B-geo":{
        "p":0.8439646712,
        "r":0.9196631466,
        "f":0.8801893431
      },
      "B-gpe":{
        "p":0.9679947747,
        "r":0.9274092616,
        "f":0.9472674976
      },
      "I-geo":{
        "p":0.8178717599,
        "r":0.8068640646,
        "f":0.8123306233
      },
      "I-gpe":{
        "p":0.7878787879,
        "r":0.5306122449,
        "f":0.6341463415
      },
      "B-art":{
        "p":0.2727272727,
        "r":0.2083333333,
        "f":0.2362204724
      },
      "I-art":{
        "p":0.1363636364,
        "r":0.0697674419,
        "f":0.0923076923
      },
      "B-eve":{
        "p":0.4035087719,
        "r":0.3108108108,
        "f":0.3511450382
      },
      "I-eve":{
        "p":0.40625,
        "r":0.1884057971,
        "f":0.2574257426
      },
      "I-nat":{
        "p":0.2857142857,
        "r":0.2105263158,
        "f":0.2424242424
      },
      "B-nat":{
        "p":0.6923076923,
        "r":0.225,
        "f":0.3396226415
      }
    },
    "tok2vec_loss":1727.8776247665,
    "ner_loss":5624.7839788491
  }
}